Party Name,Parliament Constituency,Winning Candidate,Total Votes,Margin
Bharatiya Janata Party - BJP,Anakapalle(5),C.M.RAMESH,762069,296530
Bharatiya Janata Party - BJP,Rajahmundry(8),DAGGUBATI PURANDHESHWARI,726515,239139
Bharatiya Janata Party - BJP,Narsapuram(9),BHUPATHI RAJU SRINIVASA VARMA (B.J.P.VARMA),707343,276802
Bharatiya Janata Party - BJP,Arunachal West(1),KIREN RIJIJU,205417,100738
Bharatiya Janata Party - BJP,Arunachal East(2),TAPIR GAO,145581,30421
Bharatiya Janata Party - BJP,Darrang-Udalguri(4),DILIP SAIKIA,868387,329012
Bharatiya Janata Party - BJP,Guwahati(5),BIJULI KALITA MEDHI,894887,251090
Bharatiya Janata Party - BJP,Diphu(6),AMARSING TISSO,334620,147603
Bharatiya Janata Party - BJP,Karimganj(7),KRIPANATH MALLAH,545093,18360
Bharatiya Janata Party - BJP,Silchar (8),PARIMAL SUKLABAIDYA,652405,264311
Bharatiya Janata Party - BJP,Kaziranga(10),KAMAKHYA PRASAD TASA,897043,248947
Bharatiya Janata Party - BJP,Sonitpur(11),RANJIT DUTTA,775788,361408
Bharatiya Janata Party - BJP,Lakhimpur(12),PRADAN BARUAH,663122,201257
Bharatiya Janata Party - BJP,Dibrugarh(13),SARBANANDA SONOWAL,693762,279321
Bharatiya Janata Party - BJP,Paschim Champaran(2),DR.SANJAY JAISWAL,580421,136568
Bharatiya Janata Party - BJP,Purvi Champaran(3),RADHA MOHAN SINGH,542193,88287
Bharatiya Janata Party - BJP,Madhubani(6),ASHOK KUMAR YADAV,553428,151945
Bharatiya Janata Party - BJP,Araria(9),PRADEEP KUMAR SINGH,600146,20094
Bharatiya Janata Party - BJP,Darbhanga(14),GOPAL JEE THAKUR,566630,178156
Bharatiya Janata Party - BJP,Muzaffarpur(15),RAJ BHUSHAN CHOUDHARY,619749,234927
Bharatiya Janata Party - BJP,Maharajganj(19),"JANARDAN SINGH ""SIGRIWAL""",529533,102651
Bharatiya Janata Party - BJP,Saran(20),RAJIV PRATAP RUDY,471752,13661
Bharatiya Janata Party - BJP,Ujiarpur(22),NITYANAND RAI,515965,60102
Bharatiya Janata Party - BJP,Begusarai(24),GIRIRAJ SINGH,649331,81480
Bharatiya Janata Party - BJP,Patna Sahib(30),RAVI SHANKAR PRASAD,588270,153846
Bharatiya Janata Party - BJP,Nawada(39),VIVEK THAKUR,410608,67670
Bharatiya Janata Party - BJP,North Goa(1),SHRIPAD YESSO NAIK,257326,116015
Bharatiya Janata Party - BJP,Kachchh(1),CHAVDA VINOD LAKHAMSHI,659574,268782
Bharatiya Janata Party - BJP,Patan(3),DABHI  BHARATSINHJI  SHANKARJI,591947,31876
Bharatiya Janata Party - BJP,Mahesana(4),HARIBHAI PATEL,686406,328046
Bharatiya Janata Party - BJP,Sabarkantha(5),SHOBHANABEN MAHENDRASINH BARAIYA,677318,155682
Bharatiya Janata Party - BJP,Gandhinagar(6),AMIT SHAH,1010972,744716
Bharatiya Janata Party - BJP,Ahmedabad East(7),HASMUKHBHAI PATEL (H.S.PATEL),770459,461755
Bharatiya Janata Party - BJP,Ahmedabad West(8),DINESHBHAI MAKWANA (ADVOCATE),611704,286437
Bharatiya Janata Party - BJP,Surendranagar(9),CHANDUBHAI CHHAGANBHAI SHIHORA,669749,261617
Bharatiya Janata Party - BJP,Rajkot(10),PARSHOTTAMBHAI RUPALA,857984,484260
Bharatiya Janata Party - BJP,Porbandar(11),DR. MANSUKH MANDAVIYA,633118,383360
Bharatiya Janata Party - BJP,Jamnagar(12),POONAMBEN HEMATBHAI MAADAM,620049,238008
Bharatiya Janata Party - BJP,Junagadh(13),CHUDASAMA RAJESHBHAI NARANBHAI,584049,135494
Bharatiya Janata Party - BJP,Amreli(14),BHARATBHAI MANUBHAI SUTARIYA,580872,321068
Bharatiya Janata Party - BJP,Bhavnagar(15),NIMUBEN JAYANTIBHAI BAMBHANIYA (NIMUBEN BAMBHANIYA),716883,455289
Bharatiya Janata Party - BJP,Anand(16),MITESH PATEL (BAKABHAI),612484,89939
Bharatiya Janata Party - BJP,Kheda(17),DEVUSINH CHAUHAN,744435,357758
Bharatiya Janata Party - BJP,Panchmahal(18),RAJPALSINH MAHENDRASINH JADAV,794579,509342
Bharatiya Janata Party - BJP,Dahod(19),JASWANTSINH SUMANBHAI BHABHOR,688715,333677
Bharatiya Janata Party - BJP,Vadodara(20),DR. HEMANG JOSHI,873189,582126
Bharatiya Janata Party - BJP,Chhota Udaipur(21),JASHUBHAI BHILUBHAI RATHVA,796589,398777
Bharatiya Janata Party - BJP,Bharuch(22),MANSUKHBHAI DHANJIBHAI VASAVA,608157,85696
Bharatiya Janata Party - BJP,Bardoli(23),PARBHUBHAI NAGARBHAI VASAVA,763950,230253
Bharatiya Janata Party - BJP,Surat(24),MUKESHKUMAR CHANDRAKAANT DALAL (Uncontested),-,-
Bharatiya Janata Party - BJP,Navsari(25),C R PATIL,1031065,773551
Bharatiya Janata Party - BJP,Valsad(26),DHAVAL LAXMANBHAI PATEL,764226,210704
Bharatiya Janata Party - BJP,KURUKSHETRA(2),NAVEEN JINDAL,542175,29021
Bharatiya Janata Party - BJP,KARNAL(5),MANOHAR LAL,739285,232577
Bharatiya Janata Party - BJP,BHIWANI-MAHENDRAGARH(8),DHARAMBIR SINGH,588664,41510
Bharatiya Janata Party - BJP,GURGAON(9),RAO INDERJIT SINGH,808336,75079
Bharatiya Janata Party - BJP,FARIDABAD(10),KRISHAN PAL,788569,172914
Bharatiya Janata Party - BJP,KANGRA(1),DR RAJEEV BHARDWAJ,632793,251895
Bharatiya Janata Party - BJP,MANDI(2),KANGNA RANAUT,537022,74755
Bharatiya Janata Party - BJP,HAMIRPUR(3),ANURAG SINGH THAKUR,607068,182357
Bharatiya Janata Party - BJP,SHIMLA(4),Suresh Kumar Kashyap,519748,91451
Bharatiya Janata Party - BJP,Belgaum(2),JAGADISH SHETTAR,762029,178437
Bharatiya Janata Party - BJP,Bagalkot(3),GADDIGOUDAR. PARVATAGOUDA. CHANDANAGOUDA.,671039,68399
Bharatiya Janata Party - BJP,Bijapur(4),RAMESH JIGAJINAGI,672781,77229
Bharatiya Janata Party - BJP,Haveri(10),BASAVARAJ BOMMAI,705538,43513
Bharatiya Janata Party - BJP,Dharwad(11),PRALHAD JOSHI,716231,97324
Bharatiya Janata Party - BJP,Uttara Kannada(12),VISHWESHWAR HEGDE KAGERI,782495,337428
Bharatiya Janata Party - BJP,Shimoga(14),B.Y.RAGHAVENDRA,778721,243715
Bharatiya Janata Party - BJP,Udupi Chikmagalur(15),KOTA SRINIVAS POOJARY,732234,259175
Bharatiya Janata Party - BJP,Dakshina Kannada(17),CAPTAIN BRIJESH CHOWTA,764132,149208
Bharatiya Janata Party - BJP,Chitradurga(18),GOVIND MAKTHAPPA KARJOL,684890,48121
Bharatiya Janata Party - BJP,Tumkur(19),V. SOMANNA,720946,175594
Bharatiya Janata Party - BJP,Mysore(21),YADUVEER KRISHNADATTA CHAMARAJA WADIYAR,795503,139262
Bharatiya Janata Party - BJP,Bangalore Rural(23),DR C N MANJUNATH,1079002,269647
Bharatiya Janata Party - BJP,Bangalore North(24),SHOBHA KARANDLAJE,986049,259476
Bharatiya Janata Party - BJP,Bangalore central(25),P C MOHAN,658915,32707
Bharatiya Janata Party - BJP,Bangalore South(26),TEJASVI SURYA,750830,277083
Bharatiya Janata Party - BJP,Chikkballapur(27),DR.K.SUDHAKAR,822619,163460
Bharatiya Janata Party - BJP,Thrissur(10),SURESH GOPI,412338,74686
Bharatiya Janata Party - BJP,MORENA(1),SHIVMANGAL SINGH TOMAR,515477,52530
Bharatiya Janata Party - BJP,BHIND(2),SANDHYA RAY,537065,64840
Bharatiya Janata Party - BJP,GWALIOR(3),BHARAT SINGH KUSHWAH,671535,70210
Bharatiya Janata Party - BJP,GUNA(4),JYOTIRADITYA M. SCINDIA,923302,540929
Bharatiya Janata Party - BJP,SAGAR(5),DR. LATA WANKHEDE,787979,471222
Bharatiya Janata Party - BJP,TIKAMGARH(6),DR. VIRENDRA KUMAR,715050,403312
Bharatiya Janata Party - BJP,DAMOH(7),RAHUL SINGH LODHI,709768,406426
Bharatiya Janata Party - BJP,KHAJURAHO(8),VISHNU DATT SHARMA (V.D.SHARMA),772774,541229
Bharatiya Janata Party - BJP,SATNA(9),GANESH SINGH,459728,84949
Bharatiya Janata Party - BJP,REWA(10),JANARDAN MISHRA,477459,193374
Bharatiya Janata Party - BJP,SIDHI(11),DR. RAJESH MISHRA,583559,206416
Bharatiya Janata Party - BJP,SHAHDOL(12),SMT. HIMADRI SINGH,711143,397340
Bharatiya Janata Party - BJP,JABALPUR(13),ASHISH DUBEY,790133,486674
Bharatiya Janata Party - BJP,MANDLA(14),FAGGAN SINGH KULASTE,751375,103846
Bharatiya Janata Party - BJP,BALAGHAT(15),BHARTI PARDHI,712660,174512
Bharatiya Janata Party - BJP,CHHINDWARA(16),BUNTY VIVEK SAHU,644738,113618
Bharatiya Janata Party - BJP,HOSHANGABAD(17),DARSHAN SINGH CHOUDHARY,812147,431696
Bharatiya Janata Party - BJP,VIDISHA(18),SHIVRAJ SINGH CHOUHAN,1116460,821408
Bharatiya Janata Party - BJP,BHOPAL(19),ALOK SHARMA,981109,501499
Bharatiya Janata Party - BJP,RAJGARH(20),RODMAL NAGAR,758743,146089
Bharatiya Janata Party - BJP,DEWAS(21),MAHENDRA SINGH SOLANKY,928941,425225
Bharatiya Janata Party - BJP,UJJAIN(22),ANIL FIROJIYA,836104,375860
Bharatiya Janata Party - BJP,MANDSOUR(23),SUDHEER GUPTA,945761,500655
Bharatiya Janata Party - BJP,RATLAM(24),ANITA NAGARSINGH CHOUHAN,795863,207232
Bharatiya Janata Party - BJP,DHAR(25),SAVITRI THAKUR,794449,218665
Bharatiya Janata Party - BJP,INDORE(26),SHANKAR LALWANI,1226751,1175092
Bharatiya Janata Party - BJP,KHARGONE(27),GAJENDRA SINGH PATEL,819863,135018
Bharatiya Janata Party - BJP,KHANDWA(28),GYANESHWAR PATIL,862679,269971
Bharatiya Janata Party - BJP,BETUL(29),DURGADAS (D. D.) UIKEY,848236,379761
Bharatiya Janata Party - BJP,Jalgaon(3),SMITA UDAY WAGH,674428,251594
Bharatiya Janata Party - BJP,Raver(4),KHADSE RAKSHA NIKHIL,630879,272183
Bharatiya Janata Party - BJP,Akola(6),ANUP SANJAY DHOTRE,457030,40626
Bharatiya Janata Party - BJP,Nagpur(10),NITIN JAIRAM GADKARI,655027,137603
Bharatiya Janata Party - BJP,Palghar(22),DR. HEMANT VISHNU SAVARA,601244,183306
Bharatiya Janata Party - BJP,Mumbai North(26),PIYUSH GOYAL,680146,357608
Bharatiya Janata Party - BJP,Pune(34),MURLIDHAR MOHOL,584728,123038
Bharatiya Janata Party - BJP,Satara(45),SHRIMANT CHH UDAYANRAJE PRATAPSINHAMAHARAJ BHONSLE,571134,32771
Bharatiya Janata Party - BJP,Ratnagiri- Sindhudurg(46),NARAYAN TATU RANE,448514,47858
Bharatiya Janata Party - BJP,Bargarh(1),PRADEEP PUROHIT,716359,251667
Bharatiya Janata Party - BJP,Sundargarh(2),JUAL ORAM,494282,138808
Bharatiya Janata Party - BJP,Sambalpur(3),DHARMENDRA PRADHAN,592162,119836
Bharatiya Janata Party - BJP,Keonjhar(4),ANANTA NAYAK,573923,97042
Bharatiya Janata Party - BJP,Mayurbhanj(5),NABA CHARAN MAJHI,585971,219334
Bharatiya Janata Party - BJP,Balasore(6),PRATAP CHANDRA SARANGI,563865,147156
Bharatiya Janata Party - BJP,Bhadrak(7),AVIMANYU SETHI,573319,91544
Bharatiya Janata Party - BJP,Jajpur(8),RABINDRA NARAYAN BEHERA,534239,1587
Bharatiya Janata Party - BJP,Dhenkanal(9),RUDRA NARAYAN PANY,598721,76567
Bharatiya Janata Party - BJP,Bolangir(10),SANGEETA KUMARI SINGH DEO,617744,132664
Bharatiya Janata Party - BJP,Kalahandi(11),MALVIKA DEVI,544303,133813
Bharatiya Janata Party - BJP,Nabarangpur(12),BALABHADRA MAJHI,481396,87536
Bharatiya Janata Party - BJP,Kandhamal(13),SUKANTA KUMAR PANIGRAHI,416415,21371
Bharatiya Janata Party - BJP,Cuttack(14),BHARTRUHARI MAHTAB,531601,57077
Bharatiya Janata Party - BJP,Kendrapara(15),BAIJAYANT PANDA,615705,66536
Bharatiya Janata Party - BJP,Jagatsinghpur(16),BIBHU PRASAD TARAI,589093,40696
Bharatiya Janata Party - BJP,Puri(17),SAMBIT PATRA,629330,104709
Bharatiya Janata Party - BJP,Bhubaneswar(18),APARAJITA SARANGI,512519,35152
Bharatiya Janata Party - BJP,Aska(19),ANITA SUBHADARSHINI,494226,99974
Bharatiya Janata Party - BJP,Berhampur(20),DR. PRADEEP KUMAR PANIGRAHY,513102,165476
Bharatiya Janata Party - BJP,BIKANER (2),ARJUN RAM MEGHWAL,566737,55711
Bharatiya Janata Party - BJP,JAIPUR RURAL(6),RAO RAJENDRA SINGH,617877,1615
Bharatiya Janata Party - BJP,JAIPUR(7),MANJU SHARMA,886850,331767
Bharatiya Janata Party - BJP,ALWAR(8),BHUPENDER YADAV,631992,48282
Bharatiya Janata Party - BJP,AJMER (13),BHAGIRATH CHOUDHARY,747462,329991
Bharatiya Janata Party - BJP,PALI(15),P. P. CHAUDHARY,757389,245351
Bharatiya Janata Party - BJP,JODHPUR(16),GAJENDRA SINGH SHEKHAWAT,730056,115677
Bharatiya Janata Party - BJP,JALORE (18),LUMBARAM,796783,201543
Bharatiya Janata Party - BJP,UDAIPUR (19),MANNA LAL RAWAT,738286,261608
Bharatiya Janata Party - BJP,CHITTORGARH(21),CHANDRA PRAKASH JOSHI,888202,389877
Bharatiya Janata Party - BJP,RAJSAMAND(22),MAHIMA KUMARI MEWAR,781203,392223
Bharatiya Janata Party - BJP,BHILWARA(23),DAMODAR AGARWAL,807640,354606
Bharatiya Janata Party - BJP,KOTA(24),OM BIRLA,750496,41974
Bharatiya Janata Party - BJP,JHALAWAR-BARAN(25),DUSHYANT SINGH,865376,370989
Bharatiya Janata Party - BJP,Tripura West(1),BIPLAB KUMAR DEB,881341,611578
Bharatiya Janata Party - BJP,Tripura East(2),KRITI DEVI DEBBARMAN,777447,486819
Bharatiya Janata Party - BJP,Amroha(9),KANWAR SINGH TANWAR,476506,28670
Bharatiya Janata Party - BJP,Meerut(10),ARUN GOVIL,546469,10585
Bharatiya Janata Party - BJP,Ghaziabad(12),ATUL GARG,854170,336965
Bharatiya Janata Party - BJP,Gautam Buddha Nagar(13),DR. MAHESH SHARMA,857829,559472
Bharatiya Janata Party - BJP,Bulandshahr(14),DR BHOLA SINGH,597310,275134
Bharatiya Janata Party - BJP,Aligarh(15),SATISH KUMAR GAUTAM,501834,15647
Bharatiya Janata Party - BJP,Hathras(16),ANOOP PRADHAN BALMIKI,554746,247318
Bharatiya Janata Party - BJP,Mathura(17),HEMAMALINI DHARMENDRA DEOL,510064,293407
Bharatiya Janata Party - BJP,Agra(18),PROF S P SINGH BAGHEL,599397,271294
Bharatiya Janata Party - BJP,Fatehpur Sikri(19),RAJKUMAR CHAHAR,445657,43405
Bharatiya Janata Party - BJP,Bareilly(25),CHHATRA PAL SINGH GANGWAR,567127,34804
Bharatiya Janata Party - BJP,Pilibhit(26),JITIN PRASADA,607158,164935
Bharatiya Janata Party - BJP,Shahjahanpur(27),ARUN KUMAR SAGAR,592718,55379
Bharatiya Janata Party - BJP,Hardoi(31),JAI PRAKASH,486798,27856
Bharatiya Janata Party - BJP,Misrikh(32),ASHOK KUMAR RAWAT,475016,33406
Bharatiya Janata Party - BJP,Unnao(33),SWAMI SACHCHIDANAND HARI SAKSHI,616133,35818
Bharatiya Janata Party - BJP,Lucknow(35),RAJ NATH SINGH,612709,135159
Bharatiya Janata Party - BJP,Farrukhabad(40),MUKESH RAJPUT,487963,2678
Bharatiya Janata Party - BJP,Kanpur(43),RAMESH AWASTHI,443055,20968
Bharatiya Janata Party - BJP,Akbarpur(44),DEVENDRA SINGH ALIAS BHOLE SINGH,517423,44345
Bharatiya Janata Party - BJP,Jhansi(46),ANURAG SHARMA,690316,102614
Bharatiya Janata Party - BJP,Phulpur(51),PRAVEEN PATEL,452600,4332
Bharatiya Janata Party - BJP,Baharaich(56),ANAND KUMAR,518802,64227
Bharatiya Janata Party - BJP,Kaiserganj(57),KARAN BHUSHAN SINGH,571263,148843
Bharatiya Janata Party - BJP,Gonda(59),KIRTIVARDHAN SINGH,474258,46224
Bharatiya Janata Party - BJP,Domariyaganj(60),JAGDAMBIKA PAL,463303,42728
Bharatiya Janata Party - BJP,Maharajganj(63),PANKAJ CHAUDHARY,591310,35451
Bharatiya Janata Party - BJP,Gorakhpur(64),RAVINDRA SHUKLA ALIAS RAVI KISHAN,585834,103526
Bharatiya Janata Party - BJP,Kushi Nagar(65),VIJAY KUMAR DUBAY,516345,81790
Bharatiya Janata Party - BJP,Deoria(66),SHASHANK MANI,504541,34842
Bharatiya Janata Party - BJP,Bansgaon(67),KAMLESH PASWAN,428693,3150
Bharatiya Janata Party - BJP,Varanasi(77),NARENDRA MODI,612970,152513
Bharatiya Janata Party - BJP,Bhadohi(78),DR. VINOD KUMAR BIND,459982,44072
Bharatiya Janata Party - BJP,Alipurduars(2),MANOJ TIGGA,695314,75447
Bharatiya Janata Party - BJP,Jalpaiguri(3),DR JAYANTA KUMAR ROY,766568,86693
Bharatiya Janata Party - BJP,Darjeeling(4),RAJU BISTA,679331,178525
Bharatiya Janata Party - BJP,Raiganj(5),KARTICK CHANDRA PAUL,560897,68197
Bharatiya Janata Party - BJP,Balurghat(6),SUKANTA MAJUMDAR,574996,10386
Bharatiya Janata Party - BJP,Maldaha Uttar(7),KHAGEN MURMU,527023,77708
Bharatiya Janata Party - BJP,Ranaghat(13),JAGANNATH SARKAR,782396,186899
Bharatiya Janata Party - BJP,Bangaon(14),SHANTANU THAKUR,719505,73693
Bharatiya Janata Party - BJP,Tamluk(30),ABHIJIT GANGOPADHYAY,765584,77733
Bharatiya Janata Party - BJP,Kanthi(31),ADHIKARI SOUMENDU,763195,47764
Bharatiya Janata Party - BJP,Purulia(35),JYOTIRMAY SINGH MAHATO,578489,17079
Bharatiya Janata Party - BJP,Bishnupur(37),KHAN SAUMITRA,680130,5567
Bharatiya Janata Party - BJP,SURGUJA(1),CHINTAMANI MAHARAJ,713200,64822
Bharatiya Janata Party - BJP,RAIGARH(2),RADHESHYAM RATHIYA,808275,240391
Bharatiya Janata Party - BJP,JANJGIR-CHAMPA(3),KAMLESH JANGDE,678199,60000
Bharatiya Janata Party - BJP,BILASPUR(5),TOKHAN SAHU,724937,164558
Bharatiya Janata Party - BJP,RAJNANDGAON(6),SANTOSH PANDEY,712057,44411
Bharatiya Janata Party - BJP,DURG(7),VIJAY BAGHEL,956497,438226
Bharatiya Janata Party - BJP,RAIPUR(8),BRIJMOHAN AGRAWAL,1050351,575285
Bharatiya Janata Party - BJP,MAHASAMUND(9),ROOP KUMARI CHOUDHARY,703659,145456
Bharatiya Janata Party - BJP,BASTAR(10),MAHESH KASHYAP,458398,55245
Bharatiya Janata Party - BJP,KANKER(11),BHOJRAJ NAG,597624,1884
Bharatiya Janata Party - BJP,Godda(3),NISHIKANT DUBEY,693140,101813
Bharatiya Janata Party - BJP,Chatra(4),KALI CHARAN SINGH,574556,220959
Bharatiya Janata Party - BJP,Kodarma(5),ANNPURNA DEVI,791657,377014
Bharatiya Janata Party - BJP,Dhanbad(7),DULU MAHATO,789172,331583
Bharatiya Janata Party - BJP,Ranchi(8),SANJAY SETH,664732,120512
Bharatiya Janata Party - BJP,Jamshedpur(9),BIDYUT BARAN MAHATO,726174,259782
Bharatiya Janata Party - BJP,Palamau(13),VISHNU DAYAL RAM,770362,288807
Bharatiya Janata Party - BJP,Hazaribagh(14),MANISH JAISWAL,654613,276686
Bharatiya Janata Party - BJP,Tehri Garhwal(1),MALA RAJYA LAKSHMI SHAH,462603,272493
Bharatiya Janata Party - BJP,Garhwal(2),ANIL BALUNI,432159,163503
Bharatiya Janata Party - BJP,Almora(3),AJAY TAMTA,429167,234097
Bharatiya Janata Party - BJP,Nainital-Udhamsingh Nagar(4),AJAY BHATT,772671,334548
Bharatiya Janata Party - BJP,Haridwar(5),TRIVENDRA SINGH RAWAT,653808,164056
Bharatiya Janata Party - BJP,Adilabad (1),GODAM NAGESH,568168,90652
Bharatiya Janata Party - BJP,Karimnagar (3),BANDI SANJAY KUMAR,585116,225209
Bharatiya Janata Party - BJP,Nizamabad(4),ARVIND DHARMAPURI,592318,109241
Bharatiya Janata Party - BJP,Medak(6),MADHAVANENI RAGHUNANDAN RAO,471217,39139
Bharatiya Janata Party - BJP,Malkajgiri(7),EATALA RAJENDER,991042,391475
Bharatiya Janata Party - BJP,Secunderabad(8),G. KISHAN REDDY,473012,49944
Bharatiya Janata Party - BJP,Chevella(10),KONDA VISHWESHWAR REDDY,809882,172897
Bharatiya Janata Party - BJP,Mahbubnagar(11),ARUNA. D. K,510747,4500
Bharatiya Janata Party - BJP,Andaman & Nicobar Islands(1),BISHNU PADA RAY,102436,24396
Bharatiya Janata Party - BJP,Dadar & Nagar Haveli(2),DELKAR KALABEN MOHANBHAI,121074,57584
Bharatiya Janata Party - BJP,Chandni Chowk(1),PRAVEEN KHANDELWAL,516496,89325
Bharatiya Janata Party - BJP,North-East Delhi(2),MANOJ TIWARI,824451,138778
Bharatiya Janata Party - BJP,East Delhi(3),HARSH MALHOTRA,664819,93663
Bharatiya Janata Party - BJP,New Delhi(4),BANSURI SWARAJ,453185,78370
Bharatiya Janata Party - BJP,North-West Delhi(5),YOGENDER CHANDOLIYA,866483,290849
Bharatiya Janata Party - BJP,West Delhi(6),KAMALJEET SEHRAWAT,842658,199013
Bharatiya Janata Party - BJP,South Delhi(7),RAMVIR SINGH BIDHURI,692832,124333
Bharatiya Janata Party - BJP,UDHAMPUR(4),DR JITENDRA SINGH,571076,124373
Bharatiya Janata Party - BJP,JAMMU(5),JUGAL KISHORE,687588,135498
Indian National Congress - INC,Dhubri (2),RAKIBUL HUSSAIN,1471885,1012476
Indian National Congress - INC,Nagaon(9),PRADYUT BORDOLOI,788850,212231
Indian National Congress - INC,Jorhat(14),GAURAV GOGOI,751771,144393
Indian National Congress - INC,Kishanganj(10),MOHAMMAD JAWED,402850,59692
Indian National Congress - INC,Katihar(11),TARIQ ANWAR,567092,49863
Indian National Congress - INC,Sasaram(34),MANOJ KUMAR,513004,19157
Indian National Congress - INC,South Goa(2),CAPTAIN  VIRIATO FERNANDES,217836,13535
Indian National Congress - INC,Banaskantha(2),GENIBEN NAGAJI THAKOR,671883,30406
Indian National Congress - INC,AMBALA(1),VARUN CHAUDHRY,663657,49036
Indian National Congress - INC,SIRSA(3),SELJA,733823,268497
Indian National Congress - INC,HISAR(4),JAI PARKASH (J P) S/O HARIKESH,570424,63381
Indian National Congress - INC,SONIPAT(6),SATPAL BRAHAMCHARI,548682,21816
Indian National Congress - INC,ROHTAK(7),DEEPENDER SINGH HOODA,783578,345298
Indian National Congress - INC,Chikkodi(1),PRIYANKA SATISH JARKIHOLI,713461,90834
Indian National Congress - INC,Gulbarga(5),RADHAKRISHNA,652321,27205
Indian National Congress - INC,Raichur(6),G. KUMAR NAIK.,670966,79781
Indian National Congress - INC,Bidar(7),SAGAR ESHWAR KHANDRE,666317,128875
Indian National Congress - INC,Koppal(8),K. RAJASHEKAR BASAVARAJ HITNAL,663511,46357
Indian National Congress - INC,Bellary(9),E. TUKARAM,730845,98992
Indian National Congress - INC,Davanagere(13),DR. PRABHA MALLIKARJUN,633059,26094
Indian National Congress - INC,Hassan(16),SHREYAS. M. PATEL,672988,42649
Indian National Congress - INC,Chamarajanagar(22),SUNIL BOSE,751671,188706
Indian National Congress - INC,Kasaragod(1),RAJMOHAN UNNITHAN,490659,100649
Indian National Congress - INC,Kannur(2),K. SUDHAKARAN,518524,108982
Indian National Congress - INC,Vadakara(3),SHAFI PARAMBIL,557528,114506
Indian National Congress - INC,Wayanad(4),RAHUL GANDHI,647445,364422
Indian National Congress - INC,Kozhikode(5),M. K. RAGHAVAN,520421,146176
Indian National Congress - INC,Palakkad(8),V K SREEKANDAN,421169,75283
Indian National Congress - INC,Chalakudy(11),BENNY BEHANAN,394171,63754
Indian National Congress - INC,Ernakulam(12),HIBI EDEN,482317,250385
Indian National Congress - INC,Idukki(13),ADV. DEAN KURIAKOSE,432372,133727
Indian National Congress - INC,Alappuzha(15),K. C VENUGOPAL,404560,63513
Indian National Congress - INC,Mavelikkara (16),KODIKUNNIL SURESH,369516,10868
Indian National Congress - INC,Pathanamthitta(17),ANTO ANTONY,367623,66119
Indian National Congress - INC,Attingal(19),ADV ADOOR PRAKASH,328051,684
Indian National Congress - INC,Thiruvananthapuram(20),SHASHI THAROOR,358155,16077
Indian National Congress - INC,Nandurbar(1),ADV GOWAAL KAGADA PADAVI,745998,159120
Indian National Congress - INC,Dhule(2),BACHHAV SHOBHA DINESH,583866,3831
Indian National Congress - INC,Amravati (7),BALWANT BASWANT WANKHADE,526271,19731
Indian National Congress - INC,Ramtek (9),Shyamkumar (Babalu) Daulat Barve,613025,76768
Indian National Congress - INC,Bhandara Gondiya(11),DR. PRASHANT YADAORAO PADOLE,587413,37380
Indian National Congress - INC,Gadchiroli - Chimur(12),DR. KIRSAN NAMDEO,617792,141696
Indian National Congress - INC,Chandrapur(13),DHANORKAR PRATIBHA SURESH ALIAS BALUBHAU,718410,260406
Indian National Congress - INC,Nanded(16),CHAVAN VASANTRAO BALWANTRAO,528894,59442
Indian National Congress - INC,Jalna(18),KALYAN VAIJINATHRAO KALE,607897,109958
Indian National Congress - INC,Mumbai North Central(29),GAIKWAD VARSHA EKNATH,445545,16514
Indian National Congress - INC,Latur (41),DR. KALGE SHIVAJI BANDAPPA,609021,61881
Indian National Congress - INC,Solapur(42),PRANITI SUSHILKUMAR SHINDE,620225,74197
Indian National Congress - INC,Kolhapur(47),CHHATRAPATI SHAHU SHAHAJI,754522,154964
Indian National Congress - INC,Inner Manipur(1),ANGOMCHA BIMOL AKOIJAM,374017,109801
Indian National Congress - INC,Outer Manipur(2),ALFRED KANNGAM S ARTHUR,384954,85418
Indian National Congress - INC,Tura(2),SALENG A SANGMA,383919,155241
Indian National Congress - INC,Nagaland(1),S SUPONGMEREN JAMIR,401951,50984
Indian National Congress - INC,Koraput(21),SAPTAGIRI SANKAR ULAKA,471393,147744
Indian National Congress - INC,Gurdaspur(1),SUKHJINDER SINGH RANDHAWA,364043,82861
Indian National Congress - INC,Amritsar(2),GURJEET SINGH AUJLA,255181,40301
Indian National Congress - INC,Jalandhar(4),CHARANJIT SINGH CHANNI,390053,175993
Indian National Congress - INC,Ludhiana(7),AMRINDER SINGH RAJA WARRING,322224,20942
Indian National Congress - INC,Fatehgarh Sahib(8),AMAR SINGH,332591,34202
Indian National Congress - INC,Firozpur(10),SHER SINGH GHUBAYA,266626,3242
Indian National Congress - INC,Patiala(13),DR DHARAMVIRA GANDHI,305616,14831
Indian National Congress - INC,GANGANAGAR (1),KULDEEP INDORA,726492,88153
Indian National Congress - INC,CHURU(3),RAHUL KASWAN,728211,72737
Indian National Congress - INC,JHUNJHUNU     (4),BRIJENDRA SINGH OLA,553168,18235
Indian National Congress - INC,BHARATPUR (9),SANJNA JATAV,579890,51983
Indian National Congress - INC,KARAULI-DHOLPUR (10),BHAJAN LAL JATAV,530011,98945
Indian National Congress - INC,DAUSA (11),MURARI LAL MEENA,646266,237340
Indian National Congress - INC,TONK-SAWAI MADHOPUR (12),HARISH CHANDRA MEENA,623763,64949
Indian National Congress - INC,BARMER(17),UMMEDA RAM BENIWAL,704676,118176
Indian National Congress - INC,TIRUVALLUR(1),Sasikanth Senthil,796956,572155
Indian National Congress - INC,KRISHNAGIRI(9),GOPINATH K,492883,192486
Indian National Congress - INC,KARUR(23),JOTHIMANI. S,534906,166816
Indian National Congress - INC,CUDDALORE(26),M.K. VISHNUPRASAD,455053,185896
Indian National Congress - INC,MAYILADUTHURAI(28),SUDHA R,518459,271183
Indian National Congress - INC,SIVAGANGA(31),KARTI P CHIDAMBARAM,427677,205664
Indian National Congress - INC,VIRUDHUNAGAR(34),MANICKAM TAGORE B,385256,4379
Indian National Congress - INC,TIRUNELVELI(38),ROBERT BRUCE C,502296,165620
Indian National Congress - INC,KANNIYAKUMARI(39),VIJAYAKUMAR (Alias) VIJAY VASANTH,546248,179907
Indian National Congress - INC,Saharanpur(1),IMRAN MASOOD,547967,64542
Indian National Congress - INC,Sitapur(30),RAKESH RATHOR,531138,89641
Indian National Congress - INC,Rae Bareli(36),RAHUL GANDHI,687649,390030
Indian National Congress - INC,Amethi(37),KISHORI LAL,539228,167196
Indian National Congress - INC,Allahabad(52),UJJWAL RAMAN SINGH,462145,58795
Indian National Congress - INC,Barabanki(53),TANUJ PUNIA,719927,215704
Indian National Congress - INC,Maldaha Dakshin(8),ISHA KHAN CHOUDHURY,572395,128368
Indian National Congress - INC,KORBA(4),JYOTSNA CHARANDAS MAHANT,570182,43283
Indian National Congress - INC,Khunti(11),KALI CHARAN MUNDA,511647,149675
Indian National Congress - INC,Lohardaga(12),SUKHDEO BHAGAT,483038,139138
Indian National Congress - INC,Peddapalle (2),VAMSI KRISHNA GADDAM,475587,131364
Indian National Congress - INC,Zahirabad(5),SURESH KUMAR SHETKAR,528418,46188
Indian National Congress - INC,Nagarkurnool(12),DR.MALLU RAVI,465072,94414
Indian National Congress - INC,Nalgonda(13),KUNDURU RAGHUVEER,784337,559905
Indian National Congress - INC,Bhongir (14),CHAMALA KIRAN KUMAR REDDY,629143,222170
Indian National Congress - INC,Warangal(15),KADIYAM KAVYA,581294,220339
Indian National Congress - INC,Mahabubabad  (16),BALRAM NAIK PORIKA,612774,349165
Indian National Congress - INC,Khammam (17),RAMASAHAYAM RAGHURAM REDDY,766929,467847
Indian National Congress - INC,Chandigarh(1),MANISH TEWARI,216657,2504
Indian National Congress - INC,Lakshadweep(1),MUHAMMED HAMDULLAH SAYEED,25726,2647
Indian National Congress - INC,PUDUCHERRY(1),VE VAITHILINGAM,426005,136516
Samajwadi Party - SP,Kairana(2),IQRA CHOUDHARY,528013,69116
Samajwadi Party - SP,Muzaffarnagar(3),HARENDRA SINGH MALIK,470721,24672
Samajwadi Party - SP,Moradabad(6),RUCHI VIRA,637363,105762
Samajwadi Party - SP,Rampur(7),MOHIBBULLAH,481503,87434
Samajwadi Party - SP,Sambhal(8),ZIA UR REHMAN,571161,121494
Samajwadi Party - SP,Firozabad(20),AKSHAYA YADAV,543037,89312
Samajwadi Party - SP,Mainpuri(21),DIMPLE YADAV,598526,221639
Samajwadi Party - SP,Etah(22),DEVESH SHAKYA,475808,28052
Samajwadi Party - SP,Badaun(23),ADITYA YADAV,501855,34991
Samajwadi Party - SP,Aonla(24),NEERAJ MAURYA,492515,15969
Samajwadi Party - SP,Kheri(28),UTKARSH VERMA 'MADHUR',557365,34329
Samajwadi Party - SP,Dhaurahra(29),ANAND BHADAURIYA,443743,4449
Samajwadi Party - SP,Mohanlalganj(34),R.K. CHAUDHARY,667869,70292
Samajwadi Party - SP,Sultanpur(38),RAMBHUAL NISHAD,444330,43174
Samajwadi Party - SP,Pratapgarh(39),SHIV PAL SINGH PATEL (DR. S P SINGH),441932,66206
Samajwadi Party - SP,Etawah(41),JITENDRA KUMAR DOHARE,490747,58419
Samajwadi Party - SP,Kannauj(42),AKHILESH YADAV,642292,170922
Samajwadi Party - SP,Jalaun(45),NARAYAN DAS AHIRWAR,530180,53898
Samajwadi Party - SP,Hamirpur(47),AJENDRA SINGH LODHI,490683,2629
Samajwadi Party - SP,Banda(48),KRISHNA DEVI SHIVSHANKER PATEL,406567,71210
Samajwadi Party - SP,Fatehpur(49),NARESH CHANDRA UTTAM PATEL,500328,33199
Samajwadi Party - SP,Kaushambi(50),PUSHPENDRA SAROJ,509787,103944
Samajwadi Party - SP,Faizabad(54),AWADHESH PRASAD,554289,54567
Samajwadi Party - SP,Ambedkar Nagar(55),LALJI VERMA,544959,137247
Samajwadi Party - SP,Shrawasti(58),RAM SHIROMANI VERMA,511055,76673
Samajwadi Party - SP,Basti(61),RAM PRASAD CHAUDHARY,527005,100994
Samajwadi Party - SP,Sant Kabir Nagar(62),LAXMIKANT PAPPU NISHAD,498695,92170
Samajwadi Party - SP,Lalganj(68),DAROGA PRASAD SAROJ,439959,115023
Samajwadi Party - SP,Azamgarh(69),DHARMENDRA YADAV,508239,161035
Samajwadi Party - SP,Ghosi(70),RAJEEV RAI,503131,162943
Samajwadi Party - SP,Salempur(71),RAMASHANKAR RAJBHAR,405472,3573
Samajwadi Party - SP,Ballia(72),SANATAN PANDEY,467068,43384
Samajwadi Party - SP,Jaunpur(73),BABU SINGH KUSHWAHA,509130,99335
Samajwadi Party - SP,Machhlishahr(74),PRIYA SAROJ,451292,35850
Samajwadi Party - SP,Ghazipur(75),AFZAL ANSARI,539912,124861
Samajwadi Party - SP,Chandauli(76),BIRENDRA SINGH,474476,21565
Samajwadi Party - SP,Robertsganj(80),CHHOTELAL,465848,129234
All India Trinamool Congress - AITC,Coochbehar(1),JAGADISH CHANDRA BARMA BASUNIA,788375,39250
All India Trinamool Congress - AITC,Jangipur(9),KHALILUR RAHAMAN,544427,116637
All India Trinamool Congress - AITC,Baharampur(10),PATHAN YUSUF,524516,85022
All India Trinamool Congress - AITC,Murshidabad(11),ABU TAHER KHAN,682442,164215
All India Trinamool Congress - AITC,Krishnanagar(12),MAHUA MOITRA,628789,56705
All India Trinamool Congress - AITC,Barrackpur(15),PARTHA BHOWMICK,520231,64438
All India Trinamool Congress - AITC,Dum dum(16),SOUGATA RAY,528579,70660
All India Trinamool Congress - AITC,Barasat(17),KAKOLI GHOSH DASTIDAR,692010,114189
All India Trinamool Congress - AITC,Basirhat(18),SK NURUL ISLAM,803762,333547
All India Trinamool Congress - AITC,Joynagar(19),PRATIMA MONDAL,894312,470219
All India Trinamool Congress - AITC,Mathurapur(20),BAPI HALDAR,755731,201057
All India Trinamool Congress - AITC,Diamond harbour(21),ABHISHEK BANERJEE,1048230,710930
All India Trinamool Congress - AITC,Jadavpur(22),SAYANI GHOSH,717899,258201
All India Trinamool Congress - AITC,Kolkata Dakshin(23),MALA ROY,615274,187231
All India Trinamool Congress - AITC,Kolkata Uttar(24),BANDYOPADHYAY SUDIP,454696,92560
All India Trinamool Congress - AITC,Howrah(25),PRASUN BANERJEE,626493,169442
All India Trinamool Congress - AITC,Uluberia(26),SAJDA AHMED,724622,218673
All India Trinamool Congress - AITC,Srerampur(27),KALYAN BANERJEE,673970,174830
All India Trinamool Congress - AITC,Hooghly(28),RACHNA BANERJEE,702744,76853
All India Trinamool Congress - AITC,Arambagh(29),BAG MITALI,712587,6399
All India Trinamool Congress - AITC,Ghatal(32),ADHIKARI DEEPAK (DEV),837990,182868
All India Trinamool Congress - AITC,Jhargram(33),KALIPADA SAREN (KHERWAL),743478,174048
All India Trinamool Congress - AITC,Medinipur(34),JUNE MALIAH,702192,27191
All India Trinamool Congress - AITC,Bankura(36),ARUP CHAKRABORTY,641813,32778
All India Trinamool Congress - AITC,Bardhaman Purba(38),DR. SHARMILA SARKAR,720302,160572
All India Trinamool Congress - AITC,Bardhaman-Durgapur(39),AZAD KIRTI JHA,720667,137981
All India Trinamool Congress - AITC,Asansol(40),SHATRUGHAN PRASAD SINHA,605645,59564
All India Trinamool Congress - AITC,Bolpur(41),ASIT KUMAR MAL,855633,327253
All India Trinamool Congress - AITC,Birbhum(42),SATABDI ROY,717961,197650
Dravida Munnetra Kazhagam - DMK,CHENNAI NORTH(2),DR.KALANIDHI VEERASWAMY,497333,339222
Dravida Munnetra Kazhagam - DMK,CHENNAI SOUTH(3),T.SUMATHY (ALIAS) THAMIZHACHI THANGAPANDIAN,516628,225945
Dravida Munnetra Kazhagam - DMK,CHENNAI CENTRAL(4),DAYANIDHI MARAN,413848,244689
Dravida Munnetra Kazhagam - DMK,SRIPERUMBUDUR(5),T R BAALU,758611,487029
Dravida Munnetra Kazhagam - DMK,KANCHEEPURAM(6),SELVAM. G,586044,221473
Dravida Munnetra Kazhagam - DMK,ARAKKONAM(7),S JAGATHRATCHAKAN,563216,306559
Dravida Munnetra Kazhagam - DMK,VELLORE(8),DM KATHIR ANAND,568692,215702
Dravida Munnetra Kazhagam - DMK,DHARMAPURI(10),MANI. A.,432667,21300
Dravida Munnetra Kazhagam - DMK,TIRUVANNAMALAI(11),"ANNADURAI, C.N.",547379,233931
Dravida Munnetra Kazhagam - DMK,ARANI(12),THARANIVENTHAN M S,500099,208766
Dravida Munnetra Kazhagam - DMK,KALLAKURICHI(14),MALAIYARASAN D,561589,53784
Dravida Munnetra Kazhagam - DMK,SALEM(15),SELVAGANAPATHI T M,566085,70357
Dravida Munnetra Kazhagam - DMK,NAMAKKAL(16),MATHESWARAN V S,462036,29112
Dravida Munnetra Kazhagam - DMK,ERODE(17),K E PRAKASH,562339,236566
Dravida Munnetra Kazhagam - DMK,NILGIRIS(19),RAJA A,473212,240585
Dravida Munnetra Kazhagam - DMK,COIMBATORE(20),GANAPATHY RAJKUMAR P,568200,118068
Dravida Munnetra Kazhagam - DMK,POLLACHI(21),ESWARASAMY K,533377,252042
Dravida Munnetra Kazhagam - DMK,PERAMBALUR(25),ARUN NEHRU,603209,389107
Dravida Munnetra Kazhagam - DMK,THANJAVUR(30),MURASOLI S,502245,319583
Dravida Munnetra Kazhagam - DMK,THENI(33),THANGA TAMILSELVAN,571493,278825
Dravida Munnetra Kazhagam - DMK,THOOTHUKKUDI(36),KANIMOZHI KARUNANIDHI,540729,392738
Dravida Munnetra Kazhagam - DMK,TENKASI(37),DR RANI SRI KUMAR,425679,196199
Telugu Desam - TDP,Srikakulam(2),KINJARAPU RAMMOHAN NAIDU,754328,327901
Telugu Desam - TDP,Vizianagaram(3),APPALANAIDU KALISETTI,743113,249351
Telugu Desam - TDP,Visakhapatnam(4),SRIBHARAT MATHUKUMILI,907467,504247
Telugu Desam - TDP,Amalapuram (SC)(7),G M HARISH (BALAYOGI),796981,342196
Telugu Desam - TDP,Eluru(10),PUTTA MAHESH KUMAR,746351,181857
Telugu Desam - TDP,Vijayawada(12),KESINENI SIVANATH (CHINNI),794154,282085
Telugu Desam - TDP,Guntur(13),DR CHANDRA SEKHAR PEMMASANI,864948,344695
Telugu Desam - TDP,Narsaraopet(14),LAVU SRIKRISHNA DEVARAYALU,807996,159729
Telugu Desam - TDP,Bapatla (SC)(15),KRISHNA PRASAD TENNETI,717493,208031
Telugu Desam - TDP,Ongole(16),MAGUNTA SREENIVASULU REDDY,701894,50199
Telugu Desam - TDP,Nandyal(17),DR BYREDDY SHABARI,701131,111975
Telugu Desam - TDP,Kurnoolu(18),BASTIPATI NAGARAJU PANCHALINGALA,658914,111298
Telugu Desam - TDP,Ananthapur(19),AMBICA G LAKSHMINARAYANA VALMIKI,768245,188555
Telugu Desam - TDP,Hindupur(20),B K PARTHASARATHI,725534,132427
Telugu Desam - TDP,Nellore(22),PRABHAKAR REDDY VEMIREDDY,766202,245902
Telugu Desam - TDP,Chittoor(SC)(25),DAGGUMALLA PRASADA RAO,778071,220479
Janata Dal  (United) - JD(U),Valmiki Nagar (1),SUNIL KUMAR,523422,98675
Janata Dal  (United) - JD(U),Sheohar(4),LOVELY ANAND,476612,29143
Janata Dal  (United) - JD(U),Sitamarhi(5),DEVESH CHANDRA THAKUR,515719,51356
Janata Dal  (United) - JD(U),Jhanjharpur(7),RAMPRIT MANDAL,533032,184169
Janata Dal  (United) - JD(U),Supaul(8),DILESHWAR KAMAIT,595038,169803
Janata Dal  (United) - JD(U),Madhepura(13),DINESH CHANDRA YADAV,640649,174534
Janata Dal  (United) - JD(U),Gopalganj(17),DR. ALOK KUMAR SUMAN,511866,127180
Janata Dal  (United) - JD(U),Siwan(18),VIJAYLAKSHMI DEVI,386508,92857
Janata Dal  (United) - JD(U),Bhagalpur(26),AJAY KUMAR MANDAL,536031,104868
Janata Dal  (United) - JD(U),Banka(27),GIRIDHARI YADAV,506678,103844
Janata Dal  (United) - JD(U),Munger(28),RAJIV RANJAN SINGH ALIAS LALAN SINGH,550146,80870
Janata Dal  (United) - JD(U),Nalanda(29),KAUSHALENDRA KUMAR,559422,169114
Shiv Sena (Uddhav Balasaheb Thackrey) - SHSUBT,Yavatmal- Washim(14),SANJAY UTTAMRAO DESHMUKH,594807,94473
Shiv Sena (Uddhav Balasaheb Thackrey) - SHSUBT,Hingoli(15),AASHTIKAR PATIL NAGESH BAPURAO,492535,108602
Shiv Sena (Uddhav Balasaheb Thackrey) - SHSUBT,Parbhani(17),JADHAV SANJAY ( BANDU ) HARIBHAU,601343,134061
Shiv Sena (Uddhav Balasaheb Thackrey) - SHSUBT,Nashik(21),RAJABHAU (PARAG) PRAKASH WAJE,616729,162001
Shiv Sena (Uddhav Balasaheb Thackrey) - SHSUBT,Mumbai North East(28),SANJAY DINA PATIL,450937,29861
Shiv Sena (Uddhav Balasaheb Thackrey) - SHSUBT,Mumbai South Central(30),ANIL YESHWANT DESAI,395138,53384
Shiv Sena (Uddhav Balasaheb Thackrey) - SHSUBT,Mumbai South(31),ARVIND GANPAT SAWANT,395655,52673
Shiv Sena (Uddhav Balasaheb Thackrey) - SHSUBT,Shirdi (38),BHAUSAHEB RAJARAM WAKCHAURE,476900,50529
Shiv Sena (Uddhav Balasaheb Thackrey) - SHSUBT,Osmanabad(40),OMPRAKASH BHUPALSINH ALIAS PAVAN RAJENIMBALKAR,748752,329846
Nationalist Congress Party – Sharadchandra Pawar - NCPSP,Wardha(8),AMAR SHARADRAO KALE,533106,81648
Nationalist Congress Party – Sharadchandra Pawar - NCPSP,Dindori (20),BHASKAR MURLIDHAR BHAGARE,577339,113199
Nationalist Congress Party – Sharadchandra Pawar - NCPSP,Bhiwandi(23),BALYA MAMA - SURESH GOPINATH MHATRE,499464,66121
Nationalist Congress Party – Sharadchandra Pawar - NCPSP,Baramati(35),SUPRIYA SULE,732312,158333
Nationalist Congress Party – Sharadchandra Pawar - NCPSP,Shirur(36),DR. AMOL RAMSING KOLHE,698692,140951
Nationalist Congress Party – Sharadchandra Pawar - NCPSP,Ahmednagar(37),NILESH DNYANDEV LANKE,624797,28929
Nationalist Congress Party – Sharadchandra Pawar - NCPSP,Beed(39),BAJRANG MANOHAR SONWANE,683950,6553
Nationalist Congress Party – Sharadchandra Pawar - NCPSP,Madha(43),MOHITE-PATIL DHAIRYASHEEL RAJSINH,622213,120837
Shiv Sena - SHS,Buldhana(5),JADHAV PRATAPRAO GANPATRAO,349867,29479
Shiv Sena - SHS,Aurangabad(19),BHUMARE SANDIPANRAO ASARAM,476130,134650
Shiv Sena - SHS,Kalyan(24),DR SHRIKANT EKNATH SHINDE,589636,209144
Shiv Sena - SHS,Thane(25),NARESH GANPAT MHASKE,734231,217011
Shiv Sena - SHS,Mumbai North West(27),RAVINDRA DATTARAM WAIKAR,452644,48
Shiv Sena - SHS,Maval(33),SHRIRANG APPA CHANDU BARNE,692832,96615
Shiv Sena - SHS,Hatkanangale(48),DHAIRYASHEEL SAMBHAJIRAO MANE,520190,13426
Lok Janshakti Party(Ram Vilas) - LJPRV,Vaishali(16),VEENA DEVI,567043,89634
Lok Janshakti Party(Ram Vilas) - LJPRV,Hajipur(21),CHIRAG PASWAN,615718,170105
Lok Janshakti Party(Ram Vilas) - LJPRV,Samastipur(23),SHAMBHAVI,579786,187251
Lok Janshakti Party(Ram Vilas) - LJPRV,Khagaria(25),RAJESH VERMA,538657,161131
Lok Janshakti Party(Ram Vilas) - LJPRV,Jamui(40),ARUN BHARTI,509046,112482
Yuvajana Sramika Rythu Congress Party - YSRCP,Araku (ST)(1),GUMMA THANUJA RANI,477005,50580
Yuvajana Sramika Rythu Congress Party - YSRCP,Kadapa(21),Y. S. AVINASH REDDY,605143,62695
Yuvajana Sramika Rythu Congress Party - YSRCP,Thirupathi(SC)(23),GURUMOORTHY MADDILA,632228,14569
Yuvajana Sramika Rythu Congress Party - YSRCP,Rajampet(24),P V MIDHUN REDDY,644844,76071
Rashtriya Janata Dal - RJD,Patliputra(31),MISHA BHARTI,613283,85174
Rashtriya Janata Dal - RJD,Buxar(33),SUDHAKAR SINGH,438345,30091
Rashtriya Janata Dal - RJD,Jahanabad(36),SURENDRA PRASAD YADAV,443035,142591
Rashtriya Janata Dal - RJD,Aurangabad(37),ABHAY KUMAR SINHA,465567,79111
Communist Party of India  (Marxist) - CPI(M),Alathur (9),K.RADHAKRISHNAN,403447,20111
Communist Party of India  (Marxist) - CPI(M),SIKAR(5),AMRARAM,659300,72896
Communist Party of India  (Marxist) - CPI(M),DINDIGUL(22),SACHITHANANTHAM R,670149,443821
Communist Party of India  (Marxist) - CPI(M),MADURAI(32),VENKATESAN S,430323,209409
Indian Union Muslim League - IUML,Malappuram(6),E.T.  MOHAMMED BASHEER,644006,300118
Indian Union Muslim League - IUML,Ponnani(7),DR. M.P ABDUSSAMAD SAMADANI,562516,235760
Indian Union Muslim League - IUML,RAMANATHAPURAM(35),NAVASKANI K,509664,166782
Aam Aadmi Party - AAAP,Hoshiarpur(5),DR. RAJ KUMAR CHABBEWAL,303859,44111
Aam Aadmi Party - AAAP,Anandpur Sahib(6),MALVINDER SINGH KANG,313217,10846
Aam Aadmi Party - AAAP,Sangrur(12),GURMEET SINGH MEET HAYER,364085,172560
Jharkhand Mukti Morcha - JMM,Rajmahal(1),VIJAY KUMAR HANSDAK,613371,178264
Jharkhand Mukti Morcha - JMM,Dumka(2),NALIN SOREN,547370,22527
Jharkhand Mukti Morcha - JMM,Singhbhum(10),JOBA MAJHI,520164,168402
Janasena Party - JnP,Kakinada(6),TANGELLA UDAY SRINIVAS (TEA TIME UDAY),729699,229491
Janasena Party - JnP,Machilipatnam(11),BALASHOWRY VALLABHANENI,724439,223179
Communist Party of India  (Marxist-Leninist)  (Liberation) - CPI(ML)(L),Arrah(32),SUDAMA PRASAD,529382,59808
Communist Party of India  (Marxist-Leninist)  (Liberation) - CPI(ML)(L),Karakat(35),RAJA RAM SINGH,380581,105858
Janata Dal  (Secular) - JD(S),Mandya(20),H.D. KUMARASWAMY,851881,284620
Janata Dal  (Secular) - JD(S),Kolar(28),M. MALLESH BABU,691481,71388
Viduthalai Chiruthaigal Katchi - VCK,VILUPPURAM(13),RAVIKUMAR. D,477033,70703
Viduthalai Chiruthaigal Katchi - VCK,CHIDAMBARAM(27),THIRUMAAVALAVAN THOL,505084,103554
Communist Party of India - CPI,TIRUPPUR(18),"SUBBARAYAN, K.",472739,125928
Communist Party of India - CPI,NAGAPATTINAM(29),SELVARAJ V,465044,208957
Rashtriya Lok Dal - RLD,Bijnor(4),CHANDAN CHAUHAN,404493,37508
Rashtriya Lok Dal - RLD,Baghpat(11),DR RAJKUMAR SANGWAN,488967,159459
Jammu & Kashmir National Conference - JKN,SRINAGAR(2),AGA SYED RUHULLAH MEHDI,356866,188416
Jammu & Kashmir National Conference - JKN,ANANTNAG-RAJOURI(3),MIAN ALTAF AHMAD,521836,281794
"United People’s Party, Liberal - UPPL",Kokrajhar (1),JOYANTA BASUMATARY,488995,51583
Asom Gana Parishad - AGP,Barpeta(3),PHANI BHUSAN CHOUDHURY,860113,222351
Hindustani Awam Morcha (Secular) - HAMS,Gaya(38),JITAN RAM MANJHI,494960,101812
Kerala Congress - KEC,Kottayam(14),ADV K FRANCIS GEORGE,364631,87266
Revolutionary Socialist Party - RSP,Kollam(18),N K PREMACHANDRAN,443628,150302
Nationalist Congress Party - NCP,Raigad(32),TATKARE SUNIL DATTATREY,508352,82784
Voice of the People Party - VOTPP,Shillong(1),DR. RICKY ANDREW J. SYNGKON,571078,371910
Zoram People’s Movement - ZPM,MIZORAM(1),RICHARD VANLALHMANGAIHA,208552,68288
Shiromani Akali Dal - SAD,Bathinda(11),HARSIMRAT KAUR BADAL,376558,49656
Rashtriya Loktantrik Party - RLTP,NAGAUR(14),HANUMAN BENIWAL,596955,42225
Bharat Adivasi Party - BHRTADVSIP,BANSWARA (20),RAJ KUMAR ROAT,820831,247054
Sikkim Krantikari Morcha - SKM,Sikkim(1),INDRA HANG SUBBA,164396,80830
Marumalarchi Dravida Munnetra Kazhagam - MDMK,TIRUCHIRAPPALLI(24),DURAI VAIKO,542213,313094
Aazad Samaj Party (Kanshi Ram) - ASPKR,Nagina(5),CHANDRASHEKHAR,512552,151473
Apna Dal (Soneylal) - ADAL,Mirzapur(79),ANUPRIYA PATEL,471631,37810
AJSU Party - AJSUP,Giridih(6),CHANDRA PRAKASH CHOUDHARY,451139,80880
All India Majlis-E-Ittehadul Muslimeen - AIMIM,Hyderabad(9),ASADUDDIN OWAISI,661981,338087
Independent - IND,Purnia(12),RAJESH RANJAN ALIAS PAPPU YADAV,567556,23847
Independent - IND,Sangli(44),VISHAL (DADA) PRAKASHBAPU PATIL,571666,100053
Independent - IND,Khadoor Sahib(3),AMRITPAL SINGH,404430,197120
Independent - IND,Faridkot(9),SARABJEET SINGH KHALSA,298062,70053
Independent - IND,Daman & Diu (1),PATEL UMESHBHAI BABUBHAI,42523,6225
Independent - IND,BARAMULLA(1),ABDUL RASHID SHEIKH,472481,204142
Independent - IND,Ladakh(1),MOHMAD HANEEFA,65259,27862
